StudID,CourseCode,CourseNum,Section,Year,Semester,Elective,Grade
726,CENG,241,,2010,1,M,FF
726,ENG,401,,2010,1,M,FF
726,MCS,155,,2010,1,M,FF
726,MCS,205,,2010,1,M,FF
726,PES,244,,2010,1,E,BA
726,CENG,114,,2010,3,M,FF
726,CENG,222,,2010,3,M,FF
726,CENG,272,,2010,3,M,FF
726,ENG,206,,2010,3,M,NA
726,PES,334,,2010,3,E,BB
726,CENG,114,,2010,5,M,DC
726,CENG,218,,2010,5,M,DC
726,MCS,205,,2010,5,M,FF
726,CENG,241,,2011,2,M,FD
726,MCS,155,,2011,2,M,FD
726,MCS,205,,2011,2,M,DD
726,CENG,222,,2011,4,M,FD
726,CENG,272,,2011,4,M,DD
726,ENG,206,,2011,4,M,DD
726,CENG,200,,2011,5,M,S
726,ESR,101,,2012,1,E,BB
726,CENG,331,,2012,1,M,DD
726,CENG,353,,2012,1,M,DC
726,CENG,329,,2012,1,M,CC
726,CENG,407,,2012,1,M,BB
726,CENG,487,,2012,1,M,DD
726,CENG,328,,2012,3,M,FF
726,CENG,356,,2012,3,M,CB
726,CENG,408,,2012,3,M,BA
726,MAN,432,,2012,3,M,DD
726,CENG,344,,2012,3,M,CC
726,CENG,328,,2013,3,M,FF
726,CENG,334,,2013,3,M,CC
726,CENG,222,,2013,3,M,DD
726,CENG,292,,2013,3,M,DC
726,CENG,442,,2013,3,M,FF
739,CENG,111,,2010,1,M,BA
739,CENG,407,,2010,1,M,AA
739,CENG,460,,2010,1,E,AA
739,CENG,468,,2010,1,E,AA
739,CENG,487,,2010,1,M,CB
739,CENG,491,,2010,1,M,DC
739,ENG,401,,2010,1,M,BA
739,CENG,408,,2010,3,M,AA
739,CENG,442,,2010,3,M,CC
739,MAN,432,,2010,3,M,BA
739,PES,243,,2010,3,E,AA
739,JOR,103,,2010,3,E,AA
739,THEA,288,,2010,3,E,AA
740,CENG,329,,2010,1,M,CC
740,CENG,351,,2010,1,M,CC
740,CENG,375,,2010,1,M,CB
740,CENG,460,,2010,1,E,BA
740,CENG,487,,2010,1,M,BB
740,PES,244,,2010,1,E,BA
740,JOR,103,,2010,1,E,BA
740,CENG,328,,2010,3,M,CB
740,CENG,334,,2010,3,M,DD
740,CENG,344,,2010,3,M,DC
740,CENG,356,,2010,3,M,CB
740,CENG,407,,2010,3,M,AA
740,CENG,442,,2010,3,M,DD
740,CENG,466,,2010,3,E,AA
740,MAN,432,,2010,3,M,BB
740,CENG,300,,2010,5,M,S
740,CENG,491,,2010,5,M,CB
740,MCS,258,,2010,5,M,FF
740,CENG,408,,2011,1,M,CB
740,CENG,468,,2011,1,E,AA
740,ECE,281,,2011,1,M,DD
740,ESR,101,,2011,1,E,BB
740,ENG,405,,2011,1,M,DC
740,CEC,301,,2011,1,E,CB
740,MCS,258,,2011,91,M,CB
745,CENG,407,,2010,1,M,AA
745,CENG,460,,2010,1,E,AA
745,CENG,468,,2010,1,E,AA
745,CENG,487,,2010,1,M,BA
745,CENG,491,,2010,1,M,DC
745,ENG,401,,2010,1,M,CB
745,ALM,101,,2010,3,E,BB
745,CENG,408,,2010,3,M,AA
745,CENG,442,,2010,3,M,CC
745,CENG,466,,2010,3,E,AA
745,MAN,432,,2010,3,M,BA
745,PES,246,,2010,3,E,AA
745,ITAL,101,,2010,3,E,AA
746,CENG,111,,2010,1,M,AA
746,CENG,407,,2010,1,M,AA
746,CENG,460,,2010,1,E,AA
746,CENG,468,,2010,1,E,AA
746,CENG,487,,2010,1,M,BB
746,CENG,491,,2010,1,M,BA
746,ENG,401,,2010,1,M,AA
746,CENG,272,,2010,3,M,AA
746,CENG,408,,2010,3,M,AA
746,CENG,442,,2010,3,M,AA
746,MAN,432,,2010,3,M,BA
746,PES,243,,2010,3,E,AA
746,THEA,288,,2010,3,E,AA
748,CENG,407,,2010,1,M,AA
748,CENG,460,,2010,1,E,BA
748,CENG,487,,2010,1,M,DC
748,CENG,491,,2010,1,M,DC
748,ENG,401,,2010,1,M,DC
748,CENG,344,,2010,3,M,CC
748,CENG,408,,2010,3,M,AA
748,CENG,442,,2010,3,M,FD
748,CENG,466,,2010,3,E,AA
748,THEA,270,,2010,3,E,AA
748,THEA,274,,2010,3,E,AA
748,CENG,442,,2010,93,M,CC
753,ALM,101,,2010,1,E,AA
753,CENG,353,,2010,1,M,AA
753,CENG,407,,2010,1,M,AA
753,CENG,468,,2010,1,E,AA
753,CENG,487,,2010,1,M,AA
753,CENG,491,,2010,1,M,DC
753,ENG,401,,2010,1,M,AA
753,CENG,334,,2010,3,M,CB
753,CENG,344,,2010,3,M,BA
753,CENG,408,,2010,3,M,AA
753,CENG,442,,2010,3,M,BB
753,CENG,460,,2010,3,E,AA
753,MAN,432,,2010,3,M,AA
753,PES,238,,2010,3,E,AA
753,PES,248,,2010,3,E,AA
755,CENG,351,,2010,1,M,AA
755,CENG,375,,2010,1,M,AA
755,CENG,407,,2010,1,M,BA
755,CENG,468,,2010,1,E,AA
755,ENG,401,,2010,1,M,AA
755,PSY,208,,2010,1,E,AA
755,CENG,272,,2010,3,M,AA
755,CENG,292,,2010,3,M,AA
755,CENG,344,,2010,3,M,AA
755,CENG,356,,2010,3,M,AA
755,CENG,408,,2010,3,M,AA
755,CENG,460,,2010,3,E,AA
755,HIST,202,,2010,3,M,AA
755,ITAL,101,,2010,3,E,AA
755,CENG,300,,2010,5,M,S
763,CENG,353,,2010,1,M,BA
763,CENG,407,,2010,1,M,AA
763,CENG,460,,2010,1,E,AA
763,CENG,468,,2010,1,E,AA
763,ENG,401,,2010,1,M,BB
763,ITAL,101,,2010,1,E,AA
763,THEA,274,,2010,1,E,AA
763,CENG,218,,2010,3,M,CB
763,CENG,344,,2010,3,M,CC
763,CENG,356,,2010,3,M,BA
763,CENG,408,,2010,3,M,AA
769,CENG,407,,2010,1,M,AA
769,CENG,460,,2010,1,E,AA
769,CENG,468,,2010,1,E,AA
769,CENG,487,,2010,1,M,BB
769,CENG,491,,2010,1,M,DD
769,ENG,401,,2010,1,M,AA
769,CENG,408,,2010,3,M,AA
769,CENG,442,,2010,3,M,CB
769,CENG,466,,2010,3,E,AA
769,MAN,432,,2010,3,M,BB
769,CENG,300,,2010,5,M,S
771,CENG,407,,2010,1,M,AA
771,CENG,460,,2010,1,E,AA
771,CENG,487,,2010,1,M,CB
771,CENG,491,,2010,1,M,CB
771,ENG,401,,2010,1,M,BA
771,ITAL,101,,2010,1,E,AA
771,CENG,408,,2010,3,M,AA
771,CENG,442,,2010,3,M,CB
771,MAN,432,,2010,3,M,BB
771,THEA,288,,2010,3,E,AA
797,CENG,241,,2010,1,M,FF
797,CENG,351,,2010,1,M,DC
797,CENG,353,,2010,1,M,CC
797,CENG,375,,2010,1,M,FD
797,CENG,468,,2010,1,E,AA
797,CENG,328,,2010,3,M,DD
797,CENG,356,,2010,3,M,CC
797,CENG,442,,2010,3,M,FD
797,CENG,460,,2010,3,E,AA
797,MAN,432,,2010,3,M,BA
797,TURK,102,,2010,3,M,DD
797,CENG,218,,2010,5,M,BB
797,CENG,300,,2010,5,M,S
797,CENG,442,,2010,5,M,BB
797,MCS,258,,2010,5,M,FF
797,CENG,241,,2011,1,M,CC
797,CENG,407,,2011,1,M,BB
797,CENG,487,,2011,1,M,CC
797,CENG,491,,2011,1,M,FF
797,ESR,101,,2011,1,E,CC
797,PES,248,,2011,1,E,AA
797,ENG,405,,2011,1,M,CC
797,CENG,375,,2011,1,M,DD
797,CEC,243,,2011,1,E,BA
797,CENG,222,,2011,3,M,BA
797,CENG,272,,2011,3,M,DD
797,CENG,408,,2011,3,M,AA
797,ECE,124,,2011,3,M,FF
797,MCS,156,,2011,3,M,FF
797,MCS,258,,2011,3,M,FD
797,CENG,334,,2011,3,M,DD
797,CENG,344,,2011,3,M,DD
797,CENG,491,,2011,5,M,DD
797,MCS,156,,2011,5,M,FD
797,MCS,156,,2012,1,M,DD
797,MCS,258,,2012,1,M,FF
797,MCS,258,,2012,91,M,CB
797,ECE,124,,2012,91,M,BB
801,CENG,329,,2010,1,M,BB
801,CENG,331,,2010,1,M,DC
801,CENG,351,,2010,1,M,BB
801,CENG,353,,2010,1,M,BA
801,CENG,375,,2010,1,M,AA
801,ITAL,101,,2010,1,E,AA
801,CENG,328,,2010,3,M,AA
801,CENG,334,,2010,3,M,CC
801,CENG,344,,2010,3,M,CB
801,CENG,356,,2010,3,M,AA
801,MCS,258,,2010,3,M,AA
801,PES,246,,2010,3,E,AA
801,THEA,270,,2010,3,E,AA
801,CENG,300,,2010,5,M,S
801,CENG,407,,2011,1,M,AA
801,CENG,460,,2011,1,E,AA
801,CENG,468,,2011,1,E,AA
801,CENG,487,,2011,1,M,BA
801,CENG,491,,2011,1,M,BA
801,ESR,101,,2011,1,E,BA
801,ENG,405,,2011,1,M,AA
801,CENG,408,,2011,3,M,BA
801,CENG,442,,2011,3,M,BB
801,MAN,432,,2011,3,M,AA
802,MCS,231,,2010,0,E,S
802,MSE,103,,2010,0,E,S
802,CENG,375,,2010,1,M,FF
802,CENG,435,,2010,1,E,NA
802,CENG,491,,2010,1,M,DD
802,ENG,401,,2010,1,M,AA
802,THEA,267,,2010,1,E,DC
802,CENG,328,,2010,3,M,DD
802,CENG,334,,2010,3,M,FF
802,CENG,442,,2010,3,M,BA
802,MAN,432,,2010,3,M,BB
802,PES,334,,2010,3,E,AA
802,CENG,375,,2011,1,M,FF
802,CENG,334,,2011,3,M,FF
802,CENG,375,,2011,93,M,DD
802,CENG,334,,2011,93,M,DD
804,ALM,101,,2010,1,E,AA
804,CENG,331,,2010,1,M,DC
804,CENG,407,,2010,1,M,BA
804,CENG,468,,2010,1,E,AA
804,CENG,487,,2010,1,M,CB
804,CENG,491,,2010,1,M,CB
804,ENG,401,,2010,1,M,AA
804,CENG,408,,2010,3,M,DD
804,CENG,442,,2010,3,M,DC
804,CENG,460,,2010,3,E,AA
804,MAN,432,,2010,3,M,BA
804,MCS,258,,2010,3,M,CC
804,CENG,300,,2010,5,M,S
810,CENG,111,,2010,2,M,DD
810,CENG,241,,2010,2,M,FF
810,CENG,277,,2010,2,M,FF
810,HIST,201,,2010,2,M,CB
810,MCS,205,,2010,2,M,DC
810,CENG,222,,2010,4,M,CB
810,CENG,272,,2010,4,M,FD
810,MCS,156,,2010,4,M,FD
810,MCS,258,,2010,4,M,FF
810,CENG,241,,2010,6,M,DC
810,MCS,156,,2010,6,M,FD
810,MCS,258,,2010,6,M,FF
810,CENG,272,,2011,4,M,DD
810,MCS,156,,2011,4,M,FF
810,MCS,258,,2011,4,M,FF
810,MCS,156,,2011,6,M,DD
810,MCS,258,,2011,6,M,FF
810,CENG,277,,2012,2,M,FD
810,MCS,258,,2012,2,M,DD
810,CENG,111,,2012,2,M,CB
810,HIST,202,,2012,3,M,CB
810,CENG,334,,2012,3,M,FF
810,CENG,356,,2012,3,M,DD
810,CENG,344,,2012,3,M,DC
810,CENG,218,,2012,3,M,FD
810,CENG,331,,2012,5,M,FD
810,CENG,334,,2012,5,M,DD
810,CENG,218,,2012,5,M,DC
810,CENG,277,,2013,1,M,FD
810,CENG,331,,2013,1,M,DD
810,CENG,351,,2013,1,M,DD
810,CENG,329,,2013,1,M,FD
810,CENG,334,,2013,4,M,DD
810,CENG,356,,2013,4,M,DC
810,CENG,218,,2013,4,M,DD
810,CENG,200,,2013,6,M,U
810,CENG,328,,2013,6,M,DC
812,CENG,111,,2010,2,M,CB
812,CENG,191,,2010,2,M,BA
812,ENG,205,,2010,2,M,CC
812,MCS,155,,2010,2,M,FD
812,MCS,205,,2010,2,M,DC
812,CENG,218,,2010,3,M,DC
812,CENG,272,,2010,3,M,DC
812,CENG,334,,2010,3,M,FF
812,HIST,202,,2010,3,M,CB
812,MCS,155,,2010,3,M,FD
812,CENG,300,,2010,5,M,S
812,CENG,331,,2010,5,M,DD
812,CENG,375,,2010,5,M,DC
812,MCS,155,,2010,5,M,DC
812,CENG,329,,2011,1,M,DD
812,CENG,407,,2011,1,M,BB
812,CENG,487,,2011,1,M,FD
812,ENG,405,,2011,1,M,DD
812,CENG,351,,2011,1,M,DD
812,CENG,353,,2011,1,M,CC
812,CENG,328,,2011,3,M,DC
812,CENG,408,,2011,3,M,AA
812,MAN,432,,2011,3,M,AA
812,CENG,356,,2011,3,M,CB
812,CENG,344,,2011,3,M,FD
812,CENG,442,,2011,5,M,DD
812,CENG,491,,2011,5,M,DD
812,CENG,334,,2011,5,M,DD
812,CENG,460,,2012,1,E,AA
812,CENG,466,,2012,1,E,CC
812,ESR,101,,2012,1,E,BA
812,PES,248,,2012,1,E,AA
812,RUS,101,,2012,1,E,AA
812,SPAN,101,,2012,1,E,CC
812,CENG,344,,2012,1,M,DD
812,CENG,487,,2012,1,M,DD
815,ALM,101,,2010,1,E,AA
815,CENG,329,,2010,1,M,BB
815,CENG,351,,2010,1,M,BA
815,CENG,375,,2010,1,M,AA
815,PES,248,,2010,1,E,AA
815,CENG,328,,2010,3,M,BB
815,CENG,334,,2010,3,M,DD
815,CENG,344,,2010,3,M,BA
815,CENG,356,,2010,3,M,BB
815,CENG,300,,2010,5,M,S
815,CENG,407,,2011,1,M,AA
815,CENG,487,,2011,1,M,BB
815,CENG,491,,2011,1,M,BB
815,ESR,101,,2011,1,E,BB
815,PES,334,,2011,1,E,AA
815,ENG,405,,2011,1,M,BB
815,CENG,408,,2011,3,M,AA
815,CENG,442,,2011,3,M,BB
815,MAN,432,,2011,3,M,AA
815,OTT,101,,2011,3,E,AA
821,CENG,277,,2010,1,M,BB
821,CENG,329,,2010,1,M,CB
821,CENG,331,,2010,1,M,DC
821,CENG,351,,2010,1,M,BB
821,CENG,353,,2010,1,M,CB
821,CENG,375,,2010,1,M,AA
821,CENG,328,,2010,3,M,BA
821,CENG,334,,2010,3,M,CC
821,CENG,344,,2010,3,M,CB
821,CENG,356,,2010,3,M,BB
821,CENG,460,,2010,3,E,AA
821,MCS,156,,2010,3,M,BA
821,ITAL,101,,2010,3,E,AA
821,CENG,300,,2010,5,M,S
821,CENG,241,,2011,1,M,BA
821,CENG,407,,2011,1,M,AA
821,CENG,487,,2011,1,M,CB
821,CENG,491,,2011,1,M,BA
821,RUS,101,,2011,1,E,AA
821,ENG,405,,2011,1,M,BB
821,CENG,331,,2011,1,M,DC
821,CENG,218,,2011,3,M,AA
821,CENG,408,,2011,3,M,AA
821,CENG,442,,2011,3,M,AA
821,CENG,466,,2011,3,E,AA
821,MAN,432,,2011,3,M,BA
821,TURK,102,,2011,3,M,AA
821,THEA,270,,2011,3,E,AA
828,CENG,277,,2010,1,M,BB
828,CENG,329,,2010,1,M,CB
828,CENG,331,,2010,1,M,DD
828,CENG,351,,2010,1,M,AA
828,CENG,353,,2010,1,M,BA
828,CENG,375,,2010,1,M,BA
828,CENG,328,,2010,3,M,BA
828,CENG,334,,2010,3,M,BB
828,CENG,344,,2010,3,M,AA
828,CENG,356,,2010,3,M,BB
828,CENG,460,,2010,3,E,AA
828,PES,248,,2010,3,E,AA
828,ITAL,101,,2010,3,E,AA
828,CENG,300,,2010,5,M,S
828,CENG,331,,2010,5,M,CB
828,CENG,491,,2010,5,M,BB
828,CENG,407,,2011,1,M,AA
828,CENG,468,,2011,1,E,AA
828,CENG,487,,2011,1,M,BB
828,ENG,405,,2011,1,M,CB
828,CENG,331,,2011,1,M,CB
828,CEC,243,,2011,1,E,BA
828,CENG,408,,2011,3,M,AA
828,CENG,442,,2011,3,M,AA
828,MAN,432,,2011,3,M,BA
828,THEA,270,,2011,3,E,AA
830,CENG,331,,2010,1,M,DD
830,CENG,351,,2010,1,M,CC
830,CENG,375,,2010,1,M,FF
830,ECE,281,,2010,1,M,NA
830,MCS,205,,2010,1,M,FD
830,CENG,218,,2010,4,M,FF
830,CENG,222,,2010,4,M,DC
830,CENG,272,,2010,4,M,FF
830,CENG,292,,2010,4,M,NA
830,MCS,258,,2010,4,M,FF
830,CENG,241,,2011,2,M,BB
830,ECE,281,,2011,2,M,FF
830,MCS,205,,2011,2,M,FF
830,CENG,331,,2011,2,M,FD
830,CENG,375,,2011,2,M,FF
830,CENG,218,,2011,4,M,DC
830,CENG,272,,2011,4,M,FF
830,CENG,292,,2011,4,M,FF
830,MCS,205,,2011,4,M,DD
830,MCS,258,,2011,4,M,FF
830,MCS,258,,2012,2,M,CC
830,CENG,331,,2012,2,M,DC
830,CENG,375,,2012,2,M,CB
830,ECE,281,,2012,2,M,DD
830,CENG,272,,2012,3,M,DC
830,CENG,334,,2012,3,M,NA
830,CENG,356,,2012,3,M,BB
830,CENG,292,,2012,3,M,CC
830,CENG,200,,2012,5,M,S
830,CENG,328,,2012,5,M,DD
830,CENG,334,,2012,5,M,BA
830,CENG,491,,2012,5,M,CB
830,CENG,464,,2013,1,E,BB
830,CENG,344,,2013,1,M,CB
830,CENG,329,,2013,1,M,DC
830,CENG,487,,2013,1,M,CB
830,RTW,405,,2013,1,M,BB
830,CENG,407,,2013,1,M,AA
830,CENG,394,,2013,3,E,BB
830,CENG,435,,2013,3,E,BA
830,ESR,101,,2013,3,E,CB
830,MAN,432,,2013,3,M,BB
830,CENG,353,,2013,3,M,BB
830,CENG,442,,2013,3,M,DD
830,PES,323,,2013,3,E,AA
830,CENG,408,,2013,3,M,CB
830,CENG,361,,2013,3,E,CB
830,CENG,300,,2013,5,M,S
849,CENG,351,,2010,1,M,CB
849,CENG,407,,2010,1,M,AA
849,CENG,468,,2010,1,E,AA
849,CENG,487,,2010,1,M,CC
849,ENG,401,,2010,1,M,DD
849,THEA,280,,2010,1,E,AA
849,CENG,328,,2010,3,M,DD
849,CENG,334,,2010,3,M,DD
849,CENG,408,,2010,3,M,BB
849,CENG,442,,2010,3,M,DD
849,CENG,460,,2010,3,E,AA
849,MAN,432,,2010,3,M,CC
849,MCS,258,,2010,3,M,DD
849,SPAN,101,,2010,3,E,CC
849,CENG,331,,2010,5,M,CB
849,CENG,491,,2010,5,M,BB
849,CENG,331,,2010,93,M,FD
849,CENG,491,,2010,93,M,FF
866,CENG,241,,2010,1,M,FF
866,CENG,277,,2010,1,M,DD
866,ECE,281,,2010,1,M,FF
866,ENG,305,,2010,1,M,CC
866,ESR,101,,2010,1,M,BB
866,HIST,201,,2010,1,M,CB
866,MCS,205,,2010,1,M,DD
866,PES,235,,2010,1,E,BA
866,CENG,222,,2010,3,M,DC
866,CENG,272,,2010,3,M,DD
866,CENG,292,,2010,3,M,DC
866,ENG,306,,2010,3,M,DC
866,MCS,156,,2010,3,M,FD
866,MCS,258,,2010,3,M,FF
866,CENG,200,,2010,5,M,S
866,CENG,218,,2010,5,M,BB
866,MCS,156,,2010,5,M,DD
866,MCS,258,,2010,5,M,DD
866,CENG,241,,2011,1,M,CB
866,CENG,329,,2011,1,M,CC
866,ECE,281,,2011,1,M,CC
866,ENG,405,,2011,1,M,CB
866,CENG,351,,2011,1,M,DD
866,CENG,375,,2011,1,M,DD
866,CENG,328,,2011,3,M,CC
866,CENG,466,,2011,3,E,AA
866,HIST,202,,2011,3,M,CB
866,CENG,310,,2011,3,M,BB
866,ENG,406,,2011,3,M,BB
866,CENG,334,,2011,3,M,DD
866,CENG,356,,2011,3,M,CB
866,CENG,442,,2011,5,M,DD
866,CENG,331,,2011,5,M,BB
866,CENG,300,,2011,5,M,S
866,ALM,101,,2012,1,E,BA
866,CENG,460,,2012,1,E,AA
866,CENG,482,,2012,1,E,BA
866,CENG,407,,2012,1,M,AA
866,CENG,487,,2012,1,M,DC
866,CENG,491,,2012,1,M,DC
866,THEA,267,,2012,3,E,AA
866,SPAN,101,,2012,3,E,BA
866,CENG,408,,2012,3,M,AA
866,MAN,432,,2012,3,M,BB
866,CEC,206,,2012,3,E,AA
866,CEC,238,,2012,3,E,AA
866,CENG,442,,2012,3,M,AA
867,CENG,111,,2010,1,M,FD
867,CENG,277,,2010,1,M,CB
867,ENG,205,,2010,1,M,DC
867,ENG,305,,2010,1,M,DD
867,ESR,101,,2010,1,M,BA
867,MCS,155,,2010,1,M,CC
867,MCS,205,,2010,1,M,DC
867,PES,246,,2010,1,E,AA
867,ALM,101,,2010,3,E,BA
867,CENG,114,,2010,3,M,NA
867,CENG,222,,2010,3,M,DC
867,CENG,272,,2010,3,M,FF
867,CENG,292,,2010,3,M,CC
867,ENG,206,,2010,3,M,DC
867,MCS,258,,2010,3,M,FF
867,MUS,261,,2010,3,E,AA
867,CENG,114,,2010,5,M,DD
867,CENG,200,,2010,5,M,S
867,CENG,218,,2010,5,M,DD
867,MCS,258,,2010,5,M,BA
867,CENG,111,,2011,1,M,DC
867,CENG,329,,2011,1,M,DC
867,HIST,201,,2011,1,M,BB
867,ENG,405,,2011,1,M,DD
867,CENG,351,,2011,1,M,FD
867,CENG,375,,2011,1,M,CB
867,CENG,272,,2011,3,M,CC
867,CENG,328,,2011,3,M,FD
867,RUS,101,,2011,3,E,AA
867,CENG,310,,2011,3,M,CB
867,OTT,101,,2011,3,E,BA
867,CENG,356,,2011,3,M,CC
867,CENG,241,,2011,5,M,CC
867,CENG,331,,2011,5,M,BB
867,CENG,334,,2011,5,M,FF
867,CENG,300,,2011,5,M,S
867,CENG,460,,2012,1,E,AA
867,CENG,482,,2012,1,E,BB
867,RUS,102,,2012,1,E,AA
867,CENG,351,,2012,1,M,BB
867,ECE,281,,2012,1,M,DC
867,CENG,407,,2012,1,M,AA
867,CENG,487,,2012,1,M,CC
867,CENG,491,,2012,1,M,CC
867,PCS,406,,2012,1,M,DD
867,CENG,328,,2012,3,M,CC
867,CENG,394,,2012,3,E,CC
867,HIST,202,,2012,3,M,CB
867,CENG,334,,2012,3,M,CC
867,CENG,408,,2012,3,M,AA
867,MAN,432,,2012,3,M,DD
867,CEC,200,,2012,3,E,AA
867,CENG,442,,2012,3,M,CC
867,RPW,306,,2012,3,M,CB
868,CENG,241,,2010,1,M,FF
868,CENG,277,,2010,1,M,FF
868,CENG,329,,2010,1,M,CB
868,HIST,201,,2010,1,M,BA
868,MCS,155,,2010,1,M,FD
868,MCS,205,,2010,1,M,FF
868,PES,248,,2010,1,E,AA
868,CENG,218,,2010,3,M,FF
868,CENG,222,,2010,3,M,DC
868,CENG,272,,2010,3,M,FD
868,MCS,258,,2010,3,M,FF
868,PES,246,,2010,3,E,AA
868,CENG,200,,2010,5,M,S
868,CENG,218,,2010,5,M,DC
868,MCS,156,,2010,5,M,DD
868,MCS,205,,2010,5,M,FD
868,CENG,241,,2011,1,M,CC
868,CENG,277,,2011,1,M,DD
868,MCS,155,,2011,1,M,DD
868,MCS,205,,2011,1,M,FD
868,ENG,405,,2011,1,M,FF
868,CENG,351,,2011,1,M,FF
868,CENG,272,,2011,3,M,CC
868,CENG,466,,2011,3,E,AA
868,CENG,334,,2011,3,M,FF
868,CENG,356,,2011,3,M,CC
868,CENG,344,,2011,3,M,CB
868,CENG,442,,2011,5,M,CC
868,CENG,491,,2011,5,M,CC
868,CENG,334,,2011,5,M,FD
868,CENG,331,,2012,1,M,DD
868,CENG,351,,2012,1,M,DD
868,CENG,375,,2012,1,M,DC
868,CENG,353,,2012,1,M,CC
868,CEC,200,,2012,1,E,AA
868,CENG,407,,2012,1,M,BA
868,CENG,487,,2012,1,M,DC
868,RTW,405,,2012,1,M,BB
868,CENG,328,,2012,3,M,DC
868,CENG,560,,2012,3,E,DC
868,MCS,258,,2012,3,M,FF
868,CENG,334,,2012,3,M,DD
868,CENG,408,,2012,3,M,NA
868,MAN,432,,2012,3,M,DD
868,MCS,258,,2012,5,M,DC
868,CENG,300,,2012,5,M,S
868,CENG,408,,2012,5,M,BB
868,MCS,205,,2012,95,M,DD
875,CENG,241,,2010,1,M,FF
875,CENG,277,,2010,1,M,DC
875,ECE,281,,2010,1,M,CC
875,ENG,205,,2010,1,M,CC
875,ESR,101,,2010,1,M,BB
875,HIST,201,,2010,1,M,BB
875,MCS,205,,2010,1,M,CC
875,PES,235,,2010,1,E,BA
875,ENG,106,,2010,5,M,AA
875,MCS,258,,2010,5,M,BA
875,CENG,241,,2011,1,M,FD
875,CENG,329,,2011,1,M,CC
875,ENG,305,,2011,1,M,BB
875,CENG,331,,2011,1,M,DC
875,CENG,351,,2011,1,M,DD
875,CENG,375,,2011,1,M,BB
875,CEC,243,,2011,1,E,AA
875,CENG,218,,2011,3,M,FF
875,CENG,222,,2011,3,M,CB
875,CENG,272,,2011,3,M,BA
875,CENG,292,,2011,3,M,BA
875,ENG,206,,2011,3,M,CC
875,ENG,306,,2011,3,M,BB
875,HIST,202,,2011,3,M,BA
875,CENG,356,,2011,3,M,CB
875,CEC,238,,2011,3,E,AA
875,CENG,200,,2011,5,M,S
875,CENG,241,,2011,5,M,BB
875,CENG,334,,2011,5,M,BA
875,CENG,460,,2012,1,E,AA
875,CENG,482,,2012,1,E,BB
875,PES,334,,2012,1,E,AA
875,RUS,101,,2012,1,E,BA
875,CENG,407,,2012,1,M,AA
875,CENG,487,,2012,1,M,CB
875,CENG,491,,2012,1,M,CC
875,RTW,405,,2012,1,M,BA
875,CENG,328,,2012,3,M,BB
875,CENG,394,,2012,3,E,BB
875,CENG,310,,2012,3,M,BB
875,CENG,408,,2012,3,M,AA
875,MAN,432,,2012,3,M,BB
875,CEC,200,,2012,3,E,AA
875,CENG,218,,2012,3,M,DC
875,CENG,442,,2012,3,M,CB
875,PCS,406,,2012,3,M,CB
875,CENG,300,,2012,5,M,S
880,CENG,111,,2010,1,M,FD
880,CENG,241,,2010,1,M,FF
880,CENG,277,,2010,1,M,FF
880,ECE,281,,2010,1,M,DD
880,ENG,205,,2010,1,M,DD
880,ESR,101,,2010,1,M,CC
880,HIST,201,,2010,1,M,CB
880,MCS,205,,2010,1,M,CC
880,PES,244,,2010,1,E,AA
880,SPAN,101,,2010,1,E,BA
880,CENG,222,,2010,3,M,CB
880,CENG,272,,2010,3,M,DC
880,CENG,292,,2010,3,M,DD
880,ENG,306,,2010,3,M,DC
880,MCS,258,,2010,3,M,FF
880,PHYS,112,,2010,3,M,FD
880,CENG,218,,2010,5,M,BB
880,CENG,241,,2010,5,M,DD
880,PHYS,112,,2010,5,M,CC
880,CENG,111,,2011,1,M,AA
880,CENG,277,,2011,1,M,CB
880,CENG,329,,2011,1,M,CC
880,ENG,305,,2011,1,M,FF
880,THEA,270,,2011,1,E,AA
880,CENG,331,,2011,1,M,DC
880,CENG,351,,2011,1,M,DD
880,CENG,375,,2011,1,M,CB
880,CENG,328,,2011,3,M,DC
880,ENG,206,,2011,3,M,BB
880,HIST,202,,2011,3,M,CC
880,MCS,258,,2011,3,M,CC
880,RUS,101,,2011,3,E,AA
880,CENG,310,,2011,3,M,BB
880,CENG,334,,2011,3,M,FF
880,CENG,356,,2011,3,M,BA
880,CENG,200,,2011,5,M,S
880,CENG,466,,2012,1,E,BA
880,RUS,102,,2012,1,E,AA
880,THEA,274,,2012,1,E,AA
880,CENG,407,,2012,1,M,BA
880,CENG,487,,2012,1,M,FF
880,CENG,491,,2012,1,M,BB
880,RPW,305,,2012,1,M,DC
880,RTW,405,,2012,1,M,CC
880,CENG,394,,2012,3,E,DC
880,CENG,435,,2012,3,E,BB
880,CENG,334,,2012,3,M,DD
880,CENG,408,,2012,3,M,AA
880,MAN,432,,2012,3,M,DC
880,CEC,206,,2012,3,E,AA
880,CENG,442,,2012,3,M,CB
880,PCS,406,,2012,3,M,DD
880,CENG,300,,2012,5,M,S
880,CENG,487,,2012,93,M,DD
886,CENG,241,,2010,1,M,FF
886,CENG,277,,2010,1,M,FF
886,ECE,281,,2010,1,M,FD
886,ENG,305,,2010,1,M,CC
886,ESR,101,,2010,1,M,BB
886,HIST,201,,2010,1,M,AA
886,MCS,205,,2010,1,M,FD
886,SPAN,101,,2010,1,E,CB
886,CENG,114,,2010,3,M,NA
886,CENG,222,,2010,3,M,FD
886,MCS,156,,2010,3,M,FD
886,MCS,258,,2010,3,M,FF
886,PHYS,112,,2010,3,M,FD
886,CENG,200,,2010,5,M,S
886,CENG,241,,2011,2,M,FF
886,CENG,277,,2011,2,M,FF
886,ECE,281,,2011,2,M,FF
886,MCS,205,,2011,2,M,FF
886,CENG,114,,2011,4,M,FF
886,MCS,156,,2011,4,M,FF
886,MCS,205,,2011,4,M,FD
886,PHYS,112,,2011,4,M,FF
886,MCS,205,,2011,6,M,FF
886,MCS,258,,2011,6,M,FF
886,CENG,277,,2012,2,M,FF
886,MCS,205,,2012,2,M,FD
886,MCS,258,,2012,2,M,FF
886,PHYS,112,,2012,2,M,NA
886,MCS,156,,2012,4,M,FF
886,MCS,205,,2012,4,M,NA
886,CENG,114,,2012,4,M,NA
886,ECE,124,,2012,4,M,FF
886,CENG,300,,2012,5,M,U
886,MCS,156,,2012,6,M,FF
886,CENG,114,,2012,6,M,NA
886,MCS,156,,2013,2,M,FF
886,MCS,205,,2013,2,M,DC
886,MCS,258,,2013,2,M,FF
886,PHYS,132,,2013,2,M,NA
886,MCS,156,,2013,4,M,FF
886,MCS,205,,2013,4,M,FD
887,CENG,241,,2010,1,M,DD
887,CENG,277,,2010,1,M,DD
887,ECE,281,,2010,1,M,DC
887,ENG,205,,2010,1,M,DC
887,ESR,101,,2010,1,M,BA
887,HIST,201,,2010,1,M,BB
887,MCS,205,,2010,1,M,CC
887,SPAN,101,,2010,1,E,CB
887,CENG,218,,2010,3,M,FD
887,CENG,222,,2010,3,M,CC
887,CENG,272,,2010,3,M,CC
887,CENG,292,,2010,3,M,DC
887,ENG,206,,2010,3,M,BB
887,MCS,258,,2010,3,M,BB
887,CENG,200,,2010,5,M,S
887,CENG,329,,2011,1,M,DC
887,ENG,305,,2011,1,M,BB
887,THEA,270,,2011,1,E,AA
887,CENG,331,,2011,1,M,DC
887,CENG,351,,2011,1,M,DC
887,CENG,375,,2011,1,M,BB
887,CENG,218,,2011,3,M,DD
887,CENG,328,,2011,3,M,DC
887,ENG,306,,2011,3,M,CB
887,HIST,202,,2011,3,M,CB
887,RUS,101,,2011,3,E,AA
887,THEA,274,,2011,3,E,AA
887,CENG,310,,2011,3,M,CB
887,CENG,334,,2011,3,M,FD
887,CENG,356,,2011,3,M,BA
887,CENG,300,,2011,5,M,S
887,CENG,460,,2012,1,E,AA
887,CENG,466,,2012,1,E,CC
887,RUS,102,,2012,1,E,AA
887,CENG,407,,2012,1,M,BA
887,CENG,487,,2012,1,M,CC
887,CENG,491,,2012,1,M,CC
887,RTW,405,,2012,1,M,CB
887,CENG,394,,2012,3,E,CC
887,CENG,334,,2012,3,M,CC
887,CENG,408,,2012,3,M,AA
887,MAN,432,,2012,3,M,DD
887,CEC,206,,2012,3,E,AA
887,CENG,442,,2012,3,M,DD
887,PCS,406,,2012,3,M,CB
899,CENG,241,,2010,1,M,DD
899,CENG,277,,2010,1,M,FD
899,ECE,281,,2010,1,M,FF
899,ENG,205,,2010,1,M,DC
899,ENG,305,,2010,1,M,CC
899,ESR,101,,2010,1,M,CC
899,HIST,201,,2010,1,M,DC
899,MCS,205,,2010,1,M,DD
899,CENG,218,,2010,3,M,DD
899,CENG,222,,2010,3,M,CB
899,CENG,292,,2010,3,M,CB
899,ENG,306,,2010,3,M,DD
899,MCS,156,,2010,3,M,FD
899,MCS,258,,2010,3,M,FD
899,CENG,200,,2010,5,M,S
899,CENG,331,,2010,5,M,CC
899,MCS,156,,2010,5,M,CB
899,MCS,258,,2010,5,M,BB
899,CENG,111,,2011,1,M,BB
899,CENG,277,,2011,1,M,DC
899,CENG,329,,2011,1,M,DD
899,ECE,281,,2011,1,M,CB
899,ENG,405,,2011,1,M,DD
899,CENG,351,,2011,1,M,DD
899,CEC,208,,2011,1,E,BA
899,CENG,272,,2011,3,M,BB
899,CENG,328,,2011,3,M,DD
899,ENG,206,,2011,3,M,NA
899,HIST,202,,2011,3,M,CB
899,PES,248,,2011,3,E,AA
899,CENG,310,,2011,3,M,DD
899,ENG,406,,2011,3,M,DD
899,CENG,334,,2011,3,M,DD
899,CENG,356,,2011,3,M,CC
899,CENG,442,,2011,5,M,DD
899,CENG,491,,2011,5,M,CC
899,CENG,300,,2011,5,M,S
899,CENG,466,,2012,1,E,CC
899,CENG,482,,2012,1,E,CC
899,PES,235,,2012,1,E,AA
899,FRAN,101,,2012,1,E,BB
899,CENG,375,,2012,1,M,DC
899,CENG,407,,2012,1,M,AA
899,CENG,487,,2012,1,M,DC
899,CENG,435,,2012,3,E,BB
899,CENG,408,,2012,3,M,NA
899,MAN,432,,2012,3,M,DD
899,CEC,301,,2012,3,E,AA
899,ACS,206,,2012,3,M,CB
899,CENG,408,,2012,5,M,BA
901,CENG,241,,2010,1,M,DC
901,CENG,277,,2010,1,M,BA
901,ECE,281,,2010,1,M,CB
901,ENG,305,,2010,1,M,AA
901,ESR,101,,2010,1,M,BB
901,HIST,201,,2010,1,M,CC
901,MCS,205,,2010,1,M,BB
901,THEA,267,,2010,1,E,AA
901,CENG,200,,2010,5,M,S
901,CENG,218,,2010,5,M,AA
901,CENG,331,,2010,5,M,BB
901,CENG,328,,2010,11,M,S
901,CENG,334,,2010,11,M,S
901,CENG,344,,2010,11,E,S
901,CENG,356,,2010,11,M,S
901,MCS,258,,2010,11,M,S
901,CHIN,101,,2010,11,E,S
901,ENG,405,,2010,11,M,S
901,ALM,101,,2011,1,E,DD
901,CENG,329,,2011,1,M,DC
901,CENG,487,,2011,1,M,BB
901,CENG,351,,2011,1,M,CC
901,CENG,375,,2011,1,M,BB
901,ALM,101,,2011,3,E,AA
901,CENG,222,,2011,3,M,CC
901,CENG,272,,2011,3,M,AA
901,CENG,292,,2011,3,M,DD
901,ENG,306,,2011,3,M,AA
901,HIST,202,,2011,3,M,CB
901,CENG,310,,2011,3,M,CB
901,CENG,300,,2011,5,M,S
901,CENG,466,,2012,1,E,BA
901,CEC,206,,2012,1,E,AA
901,CEC,208,,2012,1,E,AA
901,CENG,407,,2012,1,M,AA
901,CENG,491,,2012,1,M,CB
901,PCS,406,,2012,1,M,AA
901,CENG,394,,2012,3,E,CB
901,THEA,274,,2012,3,E,AA
901,CENG,408,,2012,3,M,AA
901,MAN,432,,2012,3,M,CB
901,CENG,442,,2012,3,M,DC
907,ALM,101,,2010,1,E,AA
907,CENG,241,,2010,1,M,CC
907,CENG,277,,2010,1,M,BB
907,ECE,281,,2010,1,M,CC
907,ENG,305,,2010,1,M,BA
907,ESR,101,,2010,1,M,BA
907,HIST,201,,2010,1,M,BA
907,MCS,205,,2010,1,M,CB
907,CENG,218,,2010,3,M,CB
907,CENG,222,,2010,3,M,CB
907,CENG,272,,2010,3,M,AA
907,CENG,292,,2010,3,M,CB
907,ENG,306,,2010,3,M,AA
907,HIST,202,,2010,3,M,AA
907,MCS,258,,2010,3,M,DC
907,CENG,200,,2010,5,M,S
907,MCS,258,,2010,5,M,AA
907,PHYS,112,,2010,5,M,BA
907,CENG,241,,2011,1,M,BA
907,CENG,329,,2011,1,M,CC
907,ENG,405,,2011,1,M,BA
907,CENG,331,,2011,1,M,BA
907,CENG,351,,2011,1,M,BA
907,CENG,375,,2011,1,M,BA
907,CEC,206,,2011,1,E,AA
907,CEC,243,,2011,1,E,AA
907,CENG,328,,2011,5,M,CB
907,CENG,491,,2011,5,M,FF
907,ALM,102,,2012,0,E,S
907,CENG,466,,2012,0,E,S
907,CENG,334,,2012,0,M,S
907,MAN,432,,2012,0,M,S
907,CENG,353,,2012,0,E,S
907,PCS,406,,2012,0,M,S
907,CENG,462,,2012,1,E,CB
907,CENG,482,,2012,1,E,BA
907,MCS,205,,2012,1,M,BA
907,PES,250,,2012,1,E,AA
907,CENG,407,,2012,1,M,AA
907,CENG,487,,2012,1,M,BA
907,CENG,491,,2012,1,M,AA
907,THEA,267,,2012,3,E,BB
907,CENG,310,,2012,3,M,AA
907,CENG,356,,2012,3,M,AA
907,CENG,408,,2012,3,M,AA
907,CENG,218,,2012,3,M,BA
907,CENG,442,,2012,3,M,AA
907,CENG,300,,2012,5,M,S
913,CENG,111,,2010,1,M,FD
913,CENG,241,,2010,1,M,FF
913,CENG,277,,2010,1,M,DC
913,ECE,281,,2010,1,M,DC
913,ENG,205,,2010,1,M,DC
913,ENG,305,,2010,1,M,CC
913,ESR,101,,2010,1,M,BA
913,HIST,201,,2010,1,M,BA
913,MCS,205,,2010,1,M,DC
913,PES,246,,2010,1,E,AA
913,CENG,114,,2010,3,M,FF
913,CENG,218,,2010,3,M,FF
913,CENG,222,,2010,3,M,FD
913,CENG,272,,2010,3,M,FD
913,ENG,206,,2010,3,M,CC
913,MCS,258,,2010,3,M,FF
913,CENG,200,,2010,5,M,S
913,CENG,218,,2010,5,M,CC
913,CENG,241,,2010,5,M,DD
913,CENG,111,,2011,1,M,FD
913,CENG,329,,2011,1,M,DD
913,ENG,405,,2011,1,M,FD
913,CENG,331,,2011,1,M,DD
913,CENG,351,,2011,1,M,DD
913,CENG,375,,2011,1,M,FD
913,CENG,114,,2011,4,M,FF
913,CENG,222,,2011,4,M,DC
913,CENG,272,,2011,4,M,BB
913,MCS,205,,2011,4,M,FD
913,MCS,258,,2011,4,M,FD
913,CENG,300,,2011,5,M,S
913,CENG,328,,2011,6,M,CB
913,MCS,258,,2011,6,M,FD
913,CENG,334,,2011,6,M,DD
913,MCS,205,,2012,1,M,FD
913,CENG,375,,2012,1,M,DD
913,CENG,111,,2012,1,M,DD
913,CENG,407,,2012,1,M,CB
913,CENG,487,,2012,1,M,FD
913,RTW,405,,2012,1,M,BB
913,HIST,202,,2012,3,M,CC
913,ITAL,101,,2012,3,E,NA
913,CENG,356,,2012,3,M,DD
913,CENG,408,,2012,3,M,CB
913,MAN,432,,2012,3,M,FD
913,CENG,442,,2012,3,M,FF
913,RPW,306,,2012,3,M,FD
913,PCS,406,,2012,3,M,NA
913,CENG,491,,2012,5,M,FF
913,CENG,442,,2012,5,M,DD
913,MCS,205,,2013,1,M,DC
913,MCS,258,,2013,1,M,FD
913,THEA,267,,2013,1,E,CC
913,ITAL,101,,2013,1,E,DC
913,CENG,487,,2013,1,M,FD
913,CENG,491,,2013,1,M,FD
913,CENG,394,,2013,3,E,CC
913,CENG,310,,2013,3,M,DD
913,OTT,101,,2013,3,E,AA
913,MAN,432,,2013,3,M,DD
913,CENG,292,,2013,3,M,DD
913,PCS,406,,2013,3,M,BB
913,APS,308,,2013,3,M,DC
913,IE,228,,2013,5,E,FF
913,ME,210,,2013,5,E,NA
913,MAN,102,,2013,5,E,CC
918,CENG,353,,2010,1,M,CB
918,CENG,407,,2010,1,M,AA
918,CENG,460,,2010,1,E,AA
918,CENG,468,,2010,1,E,AA
918,CENG,487,,2010,1,M,CC
918,CENG,491,,2010,1,M,DD
918,ENG,401,,2010,1,M,BA
918,PES,246,,2010,1,E,AA
918,CENG,328,,2010,3,M,BB
918,CENG,408,,2010,3,M,AA
918,CENG,442,,2010,3,M,BA
918,CENG,466,,2010,3,E,AA
918,PES,334,,2010,3,E,BB
918,CENG,300,,2010,5,M,S
922,CENG,111,,2010,1,M,FF
922,CENG,191,,2010,1,M,DD
922,ENG,105,,2010,1,M,DD
922,ESR,101,,2010,1,M,CB
922,MCS,155,,2010,1,M,FF
922,PHYS,111,,2010,1,M,FF
922,TURK,101,,2010,1,M,FD
922,CENG,114,,2010,3,M,FF
922,ECE,124,,2010,3,M,FF
922,ENG,106,,2010,3,M,NA
922,MCS,155,,2010,3,M,FD
922,PHYS,112,,2010,3,M,FD
922,TURK,102,,2010,3,M,BB
922,CENG,111,,2011,1,M,CC
922,ENG,106,,2011,1,M,CC
922,HIST,201,,2011,1,M,CC
922,MCS,155,,2011,1,M,CC
922,PHYS,111,,2011,1,M,DD
922,TURK,101,,2011,1,M,CC
922,CENG,114,,2011,3,M,FD
922,ECE,124,,2011,3,M,DC
922,ENG,206,,2011,3,M,CB
922,ENG,306,,2011,3,M,W
922,MCS,156,,2011,3,M,FF
922,PHYS,112,,2011,3,M,DC
922,CENG,200,,2011,5,M,S
922,CENG,218,,2011,5,M,FF
922,CENG,222,,2011,5,M,FF
922,MCS,205,,2011,5,M,DC
922,CENG,277,,2012,1,M,DD
922,MCS,156,,2012,1,M,FF
922,ECE,281,,2012,1,M,FF
922,CENG,241,,2012,1,M,FF
922,ACS,205,,2012,1,M,NA
922,MCS,156,,2012,4,M,FD
922,CENG,218,,2012,4,M,FD
922,CENG,222,,2012,4,M,CC
922,ACS,205,,2012,4,M,BB
922,CENG,114,,2012,6,M,AA
922,RPW,306,,2012,6,M,AA
922,MCS,156,,2013,2,M,CB
922,ECE,281,,2013,2,M,DC
922,CENG,241,,2013,2,M,BA
922,ACS,105,,2013,2,M,AA
922,CENG,272,,2013,3,M,BB
922,HIST,202,,2013,3,M,CC
922,MCS,258,,2013,3,M,FD
922,ITAL,101,,2013,3,E,AA
922,THEA,270,,2013,3,E,AA
922,CENG,356,,2013,3,M,CB
922,CENG,218,,2013,3,M,DC
922,CENG,292,,2013,3,M,BB
922,PCS,406,,2013,3,M,AA
922,CENG,328,,2013,5,M,DC
922,CENG,334,,2013,5,M,BA
922,CENG,300,,2013,5,M,S
922,CENG,491,,2013,5,M,BB
937,ENG,105,,2010,0,M,BB
937,ENG,106,,2010,0,M,BB
937,CENG,111,,2010,1,M,CC
937,CENG,191,,2010,1,M,CC
937,ESR,101,,2010,1,M,BA
937,MCS,155,,2010,1,M,DC
937,PHYS,111,,2010,1,M,DC
937,TURK,101,,2010,1,M,DD
937,CENG,114,,2010,3,M,FD
937,ECE,124,,2010,3,M,DD
937,MCS,155,,2010,3,M,CB
937,MCS,156,,2010,3,M,DD
937,PHYS,112,,2010,3,M,DC
937,TURK,102,,2010,3,M,CB
937,CENG,114,,2010,5,M,FF
937,PHYS,111,,2010,5,M,DC
937,CENG,277,,2011,1,M,DC
937,ECE,281,,2011,1,M,FD
937,ENG,205,,2011,1,M,CC
937,HIST,201,,2011,1,M,CC
937,MCS,205,,2011,1,M,CC
937,TURK,101,,2011,1,M,CB
937,MUS,101,,2011,1,E,BB
937,CENG,114,,2011,3,M,CC
937,CENG,222,,2011,3,M,FF
937,CENG,272,,2011,3,M,DD
937,CENG,292,,2011,3,M,FD
937,ENG,206,,2011,3,M,DC
937,MCS,258,,2011,3,M,DC
937,CENG,200,,2011,5,M,S
937,CENG,222,,2011,5,M,DC
937,ECE,281,,2011,5,M,CB
937,CENG,331,,2012,1,M,DD
937,CENG,351,,2012,1,M,FF
937,CENG,241,,2012,1,M,FF
937,CENG,329,,2012,1,M,DC
937,RPW,305,,2012,1,M,DC
937,RTW,405,,2012,1,M,NA
937,CENG,272,,2012,4,M,CB
937,MCS,258,,2012,4,M,DD
937,ECE,124,,2012,4,M,FF
937,CENG,292,,2012,4,M,DD
937,ACS,206,,2012,4,M,CB
937,CENG,300,,2012,5,M,S
937,CENG,328,,2012,6,M,CC
937,CENG,334,,2012,6,M,CB
937,CENG,351,,2013,1,M,BB
937,CENG,375,,2013,1,M,DC
937,CENG,241,,2013,1,M,DD
937,CENG,487,,2013,1,M,CC
937,RTW,405,,2013,1,M,CC
937,CENG,407,,2013,1,M,BA
937,HIST,202,,2013,3,M,CB
937,CENG,310,,2013,3,M,FF
937,CENG,356,,2013,3,M,CC
937,MAN,432,,2013,3,M,CC
937,ECE,124,,2013,3,M,CB
937,CENG,218,,2013,3,M,FF
937,CENG,442,,2013,3,M,DD
937,PCS,406,,2013,3,M,CB
937,CENG,408,,2013,3,M,CC
937,CENG,491,,2013,5,M,DC
937,APS,308,,2013,5,M,BB
944,ENG,105,,2010,0,M,CB
944,ENG,106,,2010,0,M,CB
944,CENG,111,,2010,1,M,AA
944,CENG,191,,2010,1,M,BA
944,ENG,205,,2010,1,M,BA
944,ESR,101,,2010,1,M,AA
944,MCS,155,,2010,1,M,BA
944,PHYS,111,,2010,1,M,AA
944,TURK,101,,2010,1,M,BA
944,CENG,114,,2010,3,M,AA
944,ECE,124,,2010,3,M,AA
944,ENG,106,,2010,3,M,AA
944,HIST,202,,2010,3,M,AA
944,MCS,156,,2010,3,M,AA
944,PHYS,112,,2010,3,M,BA
944,TURK,102,,2010,3,M,AA
944,THEA,272,,2010,3,E,AA
944,CENG,241,,2011,1,M,BB
944,CENG,277,,2011,1,M,AA
944,ECE,281,,2011,1,M,AA
944,HIST,201,,2011,1,M,AA
944,MCS,205,,2011,1,M,AA
944,OTT,101,,2011,1,E,AA
944,CENG,218,,2011,3,M,AA
944,CENG,222,,2011,3,M,BB
944,CENG,272,,2011,3,M,BA
944,CENG,292,,2011,3,M,CB
944,ENG,206,,2011,3,M,AA
944,MCS,258,,2011,3,M,AA
944,THEA,270,,2011,3,E,AA
944,CENG,200,,2011,5,M,S
944,CENG,328,,2011,5,M,AA
944,CENG,331,,2011,5,M,BA
944,CENG,462,,2012,1,E,CB
944,CENG,351,,2012,1,M,BA
944,CENG,375,,2012,1,M,BA
944,CENG,344,,2012,1,E,BA
944,CENG,353,,2012,1,E,W
944,CENG,329,,2012,1,M,BB
944,CENG,487,,2012,1,M,CB
944,RPW,305,,2012,1,M,AA
944,CENG,435,,2012,3,E,AA
944,FRAN,101,,2012,3,E,AA
944,CENG,310,,2012,3,M,AA
944,CENG,334,,2012,3,M,BB
944,CENG,356,,2012,3,M,BA
944,MAN,432,,2012,3,M,BB
944,RPW,306,,2012,3,M,AA
944,CENG,300,,2012,5,M,S
944,CENG,464,,2013,1,E,AA
944,CENG,471,,2013,1,E,AA
944,CENG,482,,2013,1,E,AA
944,CENG,487,,2013,1,M,BA
944,CENG,491,,2013,1,M,AA
944,RTW,405,,2013,1,M,CB
944,CENG,407,,2013,1,M,AA
944,SPAN,101,,2013,3,E,BB
944,MAN,432,,2013,3,M,AA
944,CENG,442,,2013,3,M,AA
944,MAN,102,,2013,3,E,CB
944,PCS,406,,2013,3,M,BA
944,CENG,408,,2013,3,M,AA
944,CENG,361,,2013,3,E,AA
945,ENG,105,,2010,0,M,BB
945,ENG,106,,2010,0,M,BB
953,ENG,105,,2010,0,M,AA
953,ENG,106,,2010,0,M,AA
953,CENG,111,,2010,1,M,BA
953,CENG,191,,2010,1,M,BA
953,ENG,205,,2010,1,M,BB
953,ESR,101,,2010,1,M,AA
953,MCS,155,,2010,1,M,AA
953,PHYS,111,,2010,1,M,AA
953,TURK,101,,2010,1,M,AA
953,CENG,114,,2010,3,M,AA
953,ECE,124,,2010,3,M,AA
953,HIST,202,,2010,3,M,BA
953,MCS,156,,2010,3,M,AA
953,PHYS,112,,2010,3,M,AA
953,TURK,102,,2010,3,M,AA
953,THEA,272,,2010,3,E,AA
953,CENG,241,,2011,1,M,AA
953,CENG,277,,2011,1,M,AA
953,ECE,281,,2011,1,M,AA
953,HIST,201,,2011,1,M,AA
953,MCS,205,,2011,1,M,AA
953,CENG,218,,2011,3,M,AA
953,CENG,222,,2011,3,M,BB
953,CENG,272,,2011,3,M,AA
953,CENG,292,,2011,3,M,AA
953,ENG,206,,2011,3,M,AA
953,MCS,258,,2011,3,M,AA
953,THEA,270,,2011,3,E,AA
953,CENG,200,,2011,5,M,S
953,CENG,462,,2012,1,E,BA
953,CENG,331,,2012,1,M,AA
953,CENG,351,,2012,1,M,BA
953,CENG,375,,2012,1,M,AA
953,CENG,344,,2012,1,E,BA
953,CENG,329,,2012,1,M,BA
953,CENG,487,,2012,1,M,CB
953,RPW,305,,2012,1,M,BA
953,CENG,328,,2012,3,M,AA
953,CENG,435,,2012,3,E,AA
953,CENG,310,,2012,3,M,AA
953,CENG,334,,2012,3,M,CB
953,CENG,356,,2012,3,M,AA
953,RPW,306,,2012,3,M,AA
953,CENG,334,,2012,5,M,AA
953,CENG,300,,2012,5,M,S
953,CENG,455,,2013,1,E,BA
953,CENG,471,,2013,1,E,AA
953,CENG,482,,2013,1,E,AA
953,CEC,200,,2013,1,E,BB
953,CENG,487,,2013,1,M,AA
953,CENG,491,,2013,1,M,BA
953,RTW,405,,2013,1,M,BB
953,CENG,407,,2013,1,M,AA
953,SPAN,101,,2013,3,E,AA
953,OTT,101,,2013,3,E,AA
953,MAN,432,,2013,3,M,BA
953,CENG,442,,2013,3,M,AA
953,MAN,102,,2013,3,E,CC
953,PCS,406,,2013,3,M,AA
953,CENG,408,,2013,3,M,AA
953,CENG,361,,2013,3,E,AA
957,ENG,105,,2010,0,M,AA
957,ENG,106,,2010,0,M,AA
957,CENG,111,,2010,1,M,BB
957,CENG,191,,2010,1,M,BA
957,ENG,205,,2010,1,M,AA
957,ESR,101,,2010,1,M,BA
957,MCS,155,,2010,1,M,BB
957,PHYS,111,,2010,1,M,BA
957,TURK,101,,2010,1,M,BA
957,CENG,114,,2010,3,M,AA
957,ECE,124,,2010,3,M,CC
957,MCS,156,,2010,3,M,BB
957,PHYS,112,,2010,3,M,AA
957,TURK,102,,2010,3,M,AA
957,SPAN,101,,2010,3,E,AA
957,ALM,101,,2011,1,E,AA
957,CENG,241,,2011,1,M,AA
957,CENG,277,,2011,1,M,AA
957,ECE,281,,2011,1,M,BA
957,HIST,201,,2011,1,M,AA
957,MCS,205,,2011,1,M,AA
957,CENG,218,,2011,3,M,AA
957,CENG,222,,2011,3,M,BB
957,CENG,272,,2011,3,M,BB
957,CENG,292,,2011,3,M,BB
957,ENG,206,,2011,3,M,AA
957,MCS,258,,2011,3,M,AA
957,OTT,101,,2011,3,E,AA
957,CENG,200,,2011,5,M,S
957,CENG,331,,2012,1,M,AA
957,CENG,351,,2012,1,M,BA
957,CENG,375,,2012,1,M,AA
957,CENG,344,,2012,1,E,BA
957,CENG,353,,2012,1,E,BA
957,CENG,329,,2012,1,M,BA
957,RPW,305,,2012,1,M,AA
957,CENG,328,,2012,3,M,BA
957,HIST,202,,2012,3,M,BA
957,THEA,274,,2012,3,E,AA
957,CENG,310,,2012,3,M,BA
957,CENG,334,,2012,3,M,CB
957,CENG,356,,2012,3,M,AA
957,CEC,200,,2012,3,E,AA
957,RPW,306,,2012,3,M,AA
957,CENG,300,,2012,5,M,S
957,CENG,455,,2013,1,E,AA
957,CENG,487,,2013,1,M,AA
957,CENG,491,,2013,1,M,AA
957,RTW,405,,2013,1,M,BA
957,PES,323,,2013,1,E,AA
957,CENG,407,,2013,1,M,AA
957,MAN,432,,2013,3,M,CB
957,CENG,442,,2013,3,M,BB
957,PCS,406,,2013,3,M,AA
957,CENG,408,,2013,3,M,AA
959,CENG,111,,2010,1,M,DC
959,CENG,191,,2010,1,M,DD
959,ENG,105,,2010,1,M,BB
959,ESR,101,,2010,1,M,CB
959,MCS,155,,2010,1,M,DD
959,PHYS,111,,2010,1,M,DD
959,TURK,101,,2010,1,M,CC
959,CENG,114,,2010,3,M,DD
959,ECE,124,,2010,3,M,FF
959,ENG,106,,2010,3,M,DC
959,MCS,156,,2010,3,M,DD
959,PHYS,112,,2010,3,M,CC
959,TURK,102,,2010,3,M,CB
959,CENG,241,,2011,1,M,DC
959,CENG,277,,2011,1,M,CC
959,ECE,281,,2011,1,M,DC
959,ENG,205,,2011,1,M,CC
959,HIST,201,,2011,1,M,BB
959,MCS,205,,2011,1,M,DD
959,THEA,251,,2011,1,E,AA
959,CENG,218,,2011,3,M,FD
959,CENG,222,,2011,3,M,FD
959,CENG,272,,2011,3,M,FD
959,CENG,292,,2011,3,M,DC
959,ECE,124,,2011,3,M,DD
959,ENG,206,,2011,3,M,CC
959,HIST,202,,2011,3,M,CB
959,THEA,274,,2011,3,E,AA
959,CENG,200,,2011,5,M,S
959,CENG,218,,2011,5,M,CB
959,MCS,258,,2011,5,M,DC
959,SPAN,101,,2012,1,E,AA
959,CENG,331,,2012,1,M,CC
959,CENG,351,,2012,1,M,CB
959,CENG,375,,2012,1,M,DD
959,CENG,329,,2012,1,M,DC
959,RPW,305,,2012,1,M,CC
959,CENG,272,,2012,3,M,DD
959,FRAN,101,,2012,3,E,BB
959,ITAL,101,,2012,3,E,BA
959,CENG,310,,2012,3,M,DC
959,CENG,334,,2012,3,M,DD
959,CENG,356,,2012,3,M,CB
959,CENG,222,,2012,3,M,CC
959,RPW,306,,2012,3,M,CC
959,CENG,300,,2012,5,M,S
959,CENG,455,,2013,1,E,DD
959,CENG,482,,2013,1,E,CB
959,CEC,243,,2013,1,E,BA
959,CENG,487,,2013,1,M,DC
959,CENG,491,,2013,1,M,DD
959,RTW,405,,2013,1,M,CB
959,CENG,407,,2013,1,M,AA
959,CENG,328,,2013,3,M,DD
959,MAN,432,,2013,3,M,CC
959,CENG,442,,2013,3,M,CC
959,PCS,406,,2013,3,M,CB
959,CENG,408,,2013,3,M,BA
959,CENG,361,,2013,3,E,BA
959,CEC,105,,2013,3,E,AA
960,CENG,111,,2010,1,M,BB
960,CENG,191,,2010,1,M,DC
960,ENG,105,,2010,1,M,CC
960,ESR,101,,2010,1,M,BB
960,MCS,155,,2010,1,M,DC
960,PHYS,111,,2010,1,M,DC
960,TURK,101,,2010,1,M,CC
960,CENG,114,,2010,3,M,FD
960,ECE,124,,2010,3,M,FF
960,ENG,106,,2010,3,M,NA
960,MCS,156,,2010,3,M,FD
960,PHYS,112,,2010,3,M,CB
960,TURK,102,,2010,3,M,AA
960,CENG,114,,2010,5,M,FF
960,ENG,106,,2010,5,M,CC
960,CENG,241,,2011,1,M,FF
960,CENG,277,,2011,1,M,FF
960,ECE,281,,2011,1,M,FF
960,ENG,205,,2011,1,M,NA
960,HIST,201,,2011,1,M,CC
960,MCS,205,,2011,1,M,FF
960,MUS,261,,2011,1,E,AA
960,CENG,114,,2011,3,M,DD
960,ECE,124,,2011,3,M,DD
960,ENG,205,,2011,3,M,CC
960,HIST,202,,2011,3,M,CC
960,MCS,156,,2011,3,M,FF
960,MCS,205,,2011,3,M,FF
960,MCS,156,,2011,5,M,FF
960,MCS,205,,2011,5,M,FF
960,CENG,277,,2012,2,M,FD
960,MCS,205,,2012,2,M,DD
960,ECE,281,,2012,2,M,FF
960,CENG,241,,2012,2,M,NA
960,MCS,156,,2012,4,M,DC
960,MCS,205,,2012,4,M,CC
960,CENG,114,,2012,4,M,DD
960,CENG,218,,2012,6,M,FF
960,CENG,222,,2012,6,M,FD
960,RPW,305,,2012,6,M,DC
960,ACS,206,,2013,0,M,BA
960,CENG,277,,2013,2,M,CC
960,ECE,281,,2013,2,M,DD
960,CENG,241,,2013,2,M,DD
960,CENG,272,,2013,3,M,CC
960,MCS,258,,2013,3,M,DD
960,CENG,218,,2013,3,M,CB
960,CENG,222,,2013,3,M,CB
960,CENG,292,,2013,3,M,BB
960,APS,308,,2013,3,M,CC
960,CENG,200,,2013,5,M,S
960,CENG,334,,2013,5,M,CC
960,CENG,491,,2013,5,M,FD
963,ENG,105,,2010,0,M,BA
963,ENG,106,,2010,0,M,BA
963,CENG,111,,2010,1,M,AA
963,CENG,191,,2010,1,M,AA
963,ESR,101,,2010,1,M,BB
963,MCS,155,,2010,1,M,AA
963,PHYS,111,,2010,1,M,AA
963,TURK,101,,2010,1,M,BB
963,CENG,114,,2010,3,M,AA
963,CENG,292,,2010,3,M,AA
963,ECE,124,,2010,3,M,AA
963,MCS,156,,2010,3,M,AA
963,PHYS,112,,2010,3,M,AA
963,TURK,102,,2010,3,M,AA
972,CENG,241,,2010,1,M,BA
972,CENG,329,,2010,1,M,BB
972,CENG,331,,2010,1,M,CB
972,CENG,351,,2010,1,M,BA
972,CENG,353,,2010,1,M,BA
972,CENG,375,,2010,1,M,BA
972,CENG,218,,2010,3,M,AA
972,CENG,328,,2010,3,M,AA
972,CENG,334,,2010,3,M,CC
972,CENG,344,,2010,3,M,AA
972,CENG,356,,2010,3,M,AA
972,CENG,460,,2010,3,E,AA
972,SPAN,101,,2010,3,E,AA
972,CENG,300,,2010,5,M,S
972,CENG,407,,2011,1,M,AA
972,CENG,468,,2011,1,E,AA
972,CENG,487,,2011,1,M,AA
972,CENG,491,,2011,1,M,AA
972,THEA,274,,2011,1,E,AA
972,ENG,405,,2011,1,M,AA
972,CEC,243,,2011,1,E,AA
972,CENG,408,,2011,3,M,AA
972,CENG,442,,2011,3,M,AA
972,MAN,432,,2011,3,M,AA
972,PES,246,,2011,3,E,AA
